145,http://blog.my-eclipse.cn/feed,Eclipse部落,http://blog.my-eclipse.cn,Fri, 13 Nov 2015 08:45:04 +0000,分享学习收获,0,null,null
41,http://ibruce.info/atom.xml,不如,http://ibruce.info/,2015-06-05T02:21:09.750Z,null,2,null,null
42,http://linux48.com/atom.xml,linux48,http://linux48.com/,2015-10-08T08:57:42.000Z,null,0,null,null
43,http://gengbiao.me/atom.xml,coney,http://gengbiao.me/,2015-04-13T02:57:41.806Z,null,0,null,null
44,http://blog.daimajia.com/feed/,代码家,http://blog.daimajia.com,Tue, 29 Sep 2015 04:23:28 +0000,我想写个好的App...,0,null,null
98,http://blog.itmyhome.com/feed.xml,麦田技术博客,http://itmyhome.com,Wed Oct 28 15:40:50 CST 2015,Welcome my blog,0,null,null
47,http://leandre.cn/feed/,点滴记忆,http://leandre.cn/,Thu, 08 Oct 2015 15:52:38 +0800,leandre's blog,2,null,null
48,http://blog.dreamlu.net/rss.xml,DreamLu博客，JFinal开源博客！,http://blog.dreamlu.net/,Tue, 29 Sep 2015 04:23:28 +0000,DramLu：java，nodejs开源博客,0,null,null
49,http://wuwen.org/feed,抛弃世俗之浮躁，留我钻研之刻苦,http://wuwen.org//,Tue, 29 Sep 2015 04:23:28 +0000,@无闻Unknown 的自留地,0,null,null
50,http://88250.b3log.org/blog-articles-rss.do,丁亮的个人博客,http://88250.b3log.org,Fri, 09 Oct 2015 17:56:19 +0800,Java/Go/Linux/开源,0,null,null
51,http://jser.me/rss,草依山的Javascript世界 ,http://jser.me,Tue, 29 Sep 2015 04:23:28 +0000,,0,null,null
52,http://ued.sina.com.cn/?feed=rss2,新浪UED,http://ued.sina.com.cn,Tue, 10 Jun 2014 10:01:56 +0000,一个关注用户体验、关注工作流、关注作品质量的有爱团队,0,null,null
53,http://www.freebuf.com/feed,FreeBuf.COM | 关注黑客与极客,http://www.freebuf.com,Fri, 09 Oct 2015 09:23:56 +0000,,0,null,null
54,http://blog.gaoqixhb.com/rss,关注前后端技术 - 搞起博客 gaoqixhb.com,http://blog.gaoqixhb.com,Tue, 29 Sep 2015 04:23:28 +0000,搞起博客是分享、讨论、交流前后端技术或者个人体会、经验的博客平台。,0,null,null
176,http://www.liaoxuefeng.com/feed,廖雪峰的官方网站,http://www.liaoxuefeng.com/,Sun, 01 Nov 2015 12:20:23 GMT,研究互联网产品和技术，提供原创中文精品教程,0,null,null
56,http://www.aitinan.com/feed,麦田,http://www.aitinan.com,Fri, 09 Oct 2015 00:13:04 +0000,专注Android移动开发,0,null,null
57,http://www.zi-han.net/feed,Zihan's Blog,http://www.zi-han.net,Mon, 28 Sep 2015 12:45:21 +0000,关注前端，关注Wordpress,0,null,null
58,http://ourjs.com/rss,OurJS 我们的JavaScript 爱我技术 我们的技术,http://ourjs.com,Tue, 29 Sep 2015 04:23:28 +0000,,0,null,null
60,http://www.williamlong.info/rss.xml,月光博客,http://www.williamlong.info/,Tue, 29 Sep 2015 04:23:28 +0000,关注互联网和搜索引擎的IT科技博客,0,null,null
61,http://ued.taobao.org/blog/feed/,TaoBaoUED,http://ued.taobao.org/blog,Mon, 23 Mar 2015 12:35:26 +0000,做地球上最好的 UED,2,null,null
62,http://www.alloyteam.com/feed/,Web前端 腾讯AlloyTeam  Blog | 愿景: 成为地球卓越的Web团队！,http://www.alloyteam.com,Mon, 12 Oct 2015 04:21:23 +0000,腾讯全端 AlloyTeam 团队 Blog,0,null,null
177,	http://www.alloyteam.com/feed/,Web前端 腾讯AlloyTeam  Blog | 愿景: 成为地球卓越的Web团队！,http://www.alloyteam.com,Fri, 25 Dec 2015 05:38:25 +0000,腾讯全端 AlloyTeam 团队 Blog,0,null,null
64,http://mxd.tencent.com/feed,腾讯MXD移动互联网设计中心,http://mxd.tencent.com,Fri, 25 Sep 2015 03:23:26 +0000,腾讯MXD移动互联网设计中心官方博客,0,null,null
65,http://c7sky.com/feed,小影志,http://c7sky.com,Sun, 11 Oct 2015 16:30:12 +0000,分享好东西,0,null,null
66,http://mux.baidu.com/?feed=rss2,百度移动用户体验部 | 百度移动用户体验部,http://mux.baidu.com,Fri, 25 Sep 2015 07:08:14 +0000,,0,null,null
67,http://blog.phpha.com/feed,天涯PHP博客,http://blog.phpha.com,Mon, 20 Jul 2015 08:04:57 +0000,专注WEB开发 关注互联网,0,null,null
68,http://www.ihacksoft.com/feed/,开心软件园,http://www.ihacksoft.com,Wed, 16 Sep 2015 15:22:40 +0000,又一个 WordPress 站点,0,null,null
69,http://ben-lab.com/feed/,Ben's Lab,http://ben-lab.com/,Tue, 28 Jul 2015 08:46:17 +0000,一个高三生的小小实验室，关注CSS3 / HTML5 / PHP / Linux 。,0,null,null
70,http://ued.focus.cn/wordpress/?feed=rss2,搜狐焦点UED,http://ued.focus.cn/wordpress,Fri, 11 Sep 2015 09:56:50 +0000,搜狐焦点用户体验设计交流平台,0,null,null
71,http://www.raychase.net/feed,四火的唠叨,http://www.raychase.net,Sun, 11 Oct 2015 16:06:42 +0000,一个纯正程序员的啰嗦,0,null,null
72,http://www.yopoing.com/feed/,鸟嘌呤博客,http://www.yopoing.com,Tue, 24 Mar 2015 05:32:40 +0000,IT培训和网络教育的实践者,0,null,null
73,http://www.zh30.com/feed,郑晓个人博客,http://www.zh30.com,Fri, 11 Sep 2015 01:12:46 +0000,技术博客_个人网站,0,null,null
74,http://immmmm.com/feed,木木木木木,http://immmmm.com,Sun, 11 Oct 2015 01:31:18 +0000,不问明天，悠然浪费,0,null,null
75,http://www.litefeel.com/feed/,LiteFeel,http://www.litefeel.com,Fri, 29 May 2015 10:28:02 +0000,for flash and cocos2dx,0,null,null
76,http://www.lvtufm.com/feed,旅途电台,http://www.lvtufm.com,Fri, 31 Jul 2015 03:51:42 +0000,,0,null,null
77,http://rabbit52.com/feed/,Super Rabbit,http://rabbit52.com,Fri, 29 May 2015 06:50:22 +0000,工欲善其事，必先利其器,2,null,null
78,http://www.itkes.com/feed,IT客栈,http://www.itkes.com,Thu, 02 Jul 2015 08:21:35 +0000,分享IT江湖那些趣事,0,null,null
79,http://pandastudio.themex.net/?feed=rss2,猫熊设计,http://pandastudio.themex.net,Mon, 22 Jun 2015 12:21:59 +0000,design a colorful life!,2,null,null
80,http://www.codeceo.com/feed,码农网,http://www.codeceo.com,Mon, 12 Oct 2015 08:51:09 +0800,程序员编程资料和编程经验分享平台,0,null,null
81,http://www.importnew.com/feed,ImportNew,http://www.importnew.com,Mon, 12 Oct 2015 02:38:28 +0000,,2,null,null
82,http://ifeve.com/feed/,并发编程网 - ifeve.com,http://ifeve.com,Sat, 10 Oct 2015 01:27:06 +0000,让天下没有难学的技术,0,null,null
83,http://droidyue.com/atom.xml,技术小黑屋,http://droidyue.com/,2015-10-11T22:18:40+08:00,null,0,null,null
84,http://www.blogjava.net/rss,BlogJava-首页技术区,http://www.blogjava.net/,Mon, 12 Oct 2015 09:49:02 GMT,专注于Java技术,0,null,null
85,http://www.liubey.org/feed/,liubey的自言自语,http://www.liubey.org,Sun, 27 Sep 2015 12:42:09 +0000,这个世界会好吗,0,null,null
86,http://www.hehongbo.com/rss,java个人博客,http://www.hehongbo.com,Mon, 02 Mar 2015 08:41:00 +0000,java程序员,0,null,null
87,http://blog.ixxoo.me/feed,likebeta's Blog,http://blog.ixxoo.me,2015-09-27T13:34:12+00:00,null,2,null,null
88,http://ingramchen.io/feed.xml,Ingram Chen,http://ingramchen.io,Sun, 8 Mar 2015 22:51:59 +0800,Xexex's Java 與其他二三事,0,null,null
89,http://www.bokeyy.com/feed,博客歪歪,http://www.bokeyy.com,Fri, 14 Aug 2015 06:26:29 +0000,袁源（歪歪）的个人博客,0,null,null
147,http://www.lishengcn.cn/feed,李胜的脚步,http://www.lishengcn.cn,Fri, 10 Jul 2015 00:55:58 +0000,技术民工,0,null,null
91,http://biezhi.me/feed,王爵的技术博客,https://biezhi.me/,Sat, 17 Oct 2015 18:44:00 +0800,一个Javaer的日常,0,null,null
92,http://www.liuzk.com/feed,刘召考的博客,http://www.liuzk.com,Sat, 08 Aug 2015 16:28:14 +0000,_一个勤勤恳恳却又不安于敲代码的程序猿,2,null,null
93,http://www.linuxea.com/index.php/feed/,LinuxEA,http://www.linuxea.com/,Sat, 10 Oct 2015 10:10:00 +0000,见自己 见天地 见众生,0,null,null
94,http://www.fangsi.net/feed,放肆雷特,http://www.fangsi.net,Thu, 24 Sep 2015 01:33:05 +0000,锋哥的博客 C#控件-C#源码-C#.NET-C#皮肤-C#博客,0,null,null
95,http://stylechen.com/feed,雨夜带刀's Blog 关注前端与用户体验,http://stylechen.com,Sun, 27 Sep 2015 13:52:39 +0000,,0,null,null
97,http://blog.seoui.com/feed.xml,笑松小站,http://blog.seoui.com,Tue, 27 Oct 2015 09:11:41 -0500,笑松的小站是笑松在生活中，工作中的记事本，由作者一个人经营，作者全名陶小松。本站所有文章均为本人原创，仅代表个人思想，与其他任何人或组织无关！,0,null,null
99,http://calvin1978.blogcn.com/rss,花钱的年华,http://calvin1978.blogcn.com,Wed, 28 Oct 2015 16:47:34 +0000,江南白衣，春天的旁边,0,null,null
101,http://blog.yufeng.info/feed,系统技术非业余研究,http://blog.yufeng.info,Wed, 01 Apr 2015 11:47:12 +0000,系统技术深度探索和应用,0,null,null
104,http://imysql.cn/feed,iMySQL,http://imysql.com,Thu, 29 Oct 2015 06:40:13 +0000,专注MySQL十余年,0,null,null
105,http://dbanotes.net/feed,DBA Notes,http://dbanotes.net,Wed, 24 Jun 2015 06:14:54 +0000,,0,null,null
106,http://notes.iissnan.com/atom.xml,IIssNan's Notes,http://notes.iissnan.com/,2015-10-30T08:20:10.558Z,null,0,null,null
107,http://tinylab.org/rss.xml,泰晓科技,http://tinylab.org,Fri, 30 Oct 2015 09:04:24 +0800,泰晓科技 - 聚焦 Android/Linux - 以小窥大，追本溯源！,0,null,null
109,http://blog.miopeco.com/atom.xml,Pingbo's Blog,http://blog.miopeco.com/,2015-07-04T12:15:03.000Z,null,0,null,null
110,http://bigc.at/feed,大猫,http://bigc.at,Fri, 13 Feb 2015 13:37:20 +0000,该网站可能含有色情内容,如未满法定年龄(八十岁),请勿入内。,0,null,null
111,https://blog.swineson.me/feed/,Drown in Codes,https://blog.swineson.me,Wed, 14 Oct 2015 13:13:11 +0000,I was sixteen with an open heart...,0,null,null
112,http://www.zhangchaoquan.com/feed/,张朝权博客,http://www.zhangchaoquan.com,Sat, 24 Oct 2015 05:18:14 +0000,关注网络技术，网络运维,0,null,null
113,http://mindhacks.cn/feed/rss/,刘未鹏 | Mind Hacks,http://mindhacks.cn,Tue, 27 Jan 2015 00:04:25 +0000,思维改变生活,0,null,null
114,http://www.matrix67.com/blog/feed,Matrix67: The Aha Moments,http://www.matrix67.com/blog,Mon, 14 Sep 2015 12:18:20 +0000,,0,null,null
115,http://dlmao.com/feed,大脸猫,http://dlmao.com,Fri, 30 Oct 2015 09:16:31 +0000,Kelso写字的地方,0,null,null
130,http://www.lavi.cc/feed/,LAVI DESIGN,http://www.lavi.cc,Wed, 07 May 2014 05:15:57 +0000,不懂视觉的交互不是好产品,0,null,null
118,http://www.ido321.com/feed,淡忘~浅思,http://www.ido321.com,Thu, 05 Nov 2015 03:47:18 +0000,Web开发,LAMP分享,记录生活,0,null,null
129,http://www.html5tricks.com/feed,HTML5资源教程,http://www.html5tricks.com,Tue, 06 Oct 2015 03:36:04 +0000,分享HTML5开发资源和开发教程,0,null,null
131,http://www.yihanzhang.com/feed/,All About Love,http://www.yihanzhang.com,Mon, 15 Jun 2015 11:45:36 +0000,A little lovely detail,0,null,null
132,http://iconmoon.com/blog2/feed.php,图月志 // JJ Ying 的界面设计博客,http://iconmoon.com/blog2/index.php,Mon Nov 09 16:58:58 CST 2015,IconMoon - Online Portfolio of JJ Ying,0,null,null
133,http://dlanham.com/feed/,David Lanham,http://dlanham.com/about,Mon, 02 Nov 2015 15:56:22 +0000,Art and Illustration,0,null,null
134,http://shoujisheying.lofter.com/rss,别人的手机,http://shoujisheying.lofter.com,Mon Nov 09 17:27:34 CST 2015,别人的手机,0,null,null
169,http://www.bysocket.com/?feed=rss2,BYSocket,http://www.bysocket.com,Sat, 05 Dec 2015 09:42:43 +0000,Think ，Write & Do,0,null,null
136,http://dailyoutfit.lofter.com/rss,每日穿搭手册,http://dailyoutfit.lofter.com,Mon Nov 09 17:29:44 CST 2015,每日穿搭手册,0,null,null
137,http://shangjiacheng.lofter.com/rss,尚珈丞,http://shangjiacheng.lofter.com,Mon Nov 09 17:30:30 CST 2015,尚珈丞,0,null,null
141,http://shuxiaomiao.lofter.com/rss,猫少年 5447,http://shuxiaomiao.lofter.com,Wed Nov 11 13:45:33 CST 2015,猫少年 5447,0,null,null
144,http://shyling.com/feed/,Shy泠的博客,http://shyling.com/,Mon, 16 Nov 2015 15:45:00 +0800,爱代码,爱二次元,爱想象...,0,null,null
146,http://www.yq1012.com/feed,Java学习,http://www.yq1012.com,Sun, 15 Nov 2015 15:26:44 +0000,个人博客【分享个人java学习心得】,0,null,null
148,https://typecodes.com/feed,TypeCodes,https://typecodes.com/,Sat, 12 Sep 2015 22:39:00 +0800,TypeCodes, beauty of programming.,0,null,null
149,http://www.zhaozongjie.cn/rss.php,点滴记忆 - 西木瓜牛,http://www.zhaozongjie.cn/,Sat Nov 21 19:34:04 CST 2015,期待我的轨迹。。。,0,null,null
150,http://www.ihypo.net/feed,梦续代码,http://www.ihypo.net,Sun, 15 Nov 2015 18:59:54 +0000,执着于代码间的乐趣！,0,null,null
151,http://www.coolicer.com/feed,coolicer,http://www.coolicer.com,Fri, 12 Jun 2015 09:02:55 +0000,Let's embrace the future together.,0,null,null
152,http://blog.wexinqq.com/atom.xml,沈吉祥的博客 - 专注于java企业应用技术开发,提供程序源码的个人博客网站,http://blog.wexinqq.com/,2015-10-04T14:41:32.830Z,null,0,null,null
153,http://wuzhuti.cn/rss,无主题 · 开发技术博客,http://wuzhuti.cn,Wed, 11 Nov 2015 13:55:34 +0000,无主题是一个专注于开发技术的IT博客，整理和原创Java编程、Spring框架、Ajax技术、Web前端技术文章的IT博客。同时我也记录一些生活中用得着用不着的东西，欢迎大家光临我的博客，博主小武。,0,null,null
154,http://www.xiaosb.cn/feed,小渣渣,http://www.xiaosb.cn/,Wed, 08 Jul 2015 13:13:00 +0800,独择之途，膝行必终,0,null,null
155,http://www.webclks.com/feed,WEB前端开发,http://www.webclks.com,Fri, 20 Nov 2015 07:38:57 +0000,html5，css3，Javascript，JQuery学习分享平台和教程,2,null,null
156,http://yedward.net/feed.php,叶德华的博客,http://yedward.net/,Sat Nov 21 20:03:03 CST 2015,,0,null,null
157,http://www.jzbk.org/feed,某糊太郎的Blog,http://www.jzbk.org,Thu, 05 Nov 2015 13:41:47 +0000,这只是一个简单的Blog,0,null,null
158,http://moonlib.com/feed,Moonlib,http://moonlib.com,Thu, 20 Aug 2015 11:40:31 +0000,Alas, Ikaruga is going . . .,0,null,null
159,http://www.hehongbo.com/feed,java个人博客,http://www.hehongbo.com,Mon, 02 Mar 2015 08:41:00 +0000,java程序员,0,null,null
160,http://yanyaner.com/atom.xml,刘江华的博客,http://yanyaner.com/,2015-05-12T15:22:22+08:00,null,2,null,null
161,http://qifuguang.me/atom.xml,winwill2012博客,http://qifuguang.me//,2015-11-22T07:21:12.000Z,null,0,null,null
162,http://www.pagefault.info/?feed=rss2,pagefault,http://www.pagefault.info,Tue, 03 Dec 2013 15:35:42 +0000,on the program road,0,null,null
166,http://zhaopeng.me/atom.xml,北冥大鸟,http://zhaopeng.me/,2015-11-25T13:36:04.000Z,null,2,null,null
165,http://blog.sina.com.cn/rss/1929617884.xml,crk_world的博客,http://blog.sina.com.cn/u/1929617884,Fri, 31 Jul 2015 17:52:47 +0800,,0,null,null
167,http://ask.chinaunix.net/feed/,ChinaUnix问答,http://ask.chinaunix.net,Thu Nov 26 14:08:43 CST 2015,ChinaUnix问答平台专注于Linux和开源运维技术，给您最快的技术解答，帮您迅速解决问题！,0,null,null
168,http://blog.prosight.me/rss.xml,Elton's Blog,http://blog.prosight.me,Fri Nov 27 14:29:02 CST 2015,null,2,null,null
170,http://blog.guoyu.me/feed/,Einmal ist keinmal,http://blog.guoyu.me,Wed, 19 Dec 2012 05:10:23 +0000,只活一次等于没活,0,null,null
171,http://wuchong.me/atom.xml,Jark's Blog,http://wuchong.me/,2015-11-22T15:40:53.000Z,null,2,null,null
172,http://www.fefork.com/feed.xml,聂微东，一枚Web技术领域的手艺人,http://www.fefork.com,2015-07-30T13:36:32+00:00,null,0,null,null
174,http://janlay.com/atom.xml,janlay's blog,http://janlay.com/,2015-01-04T14:48:31+08:00,null,0,null,null
178,http://www.alloyteam.com/feed,Web前端 腾讯AlloyTeam  Blog | 愿景: 成为地球卓越的Web团队！,http://www.alloyteam.com,Fri, 19 Feb 2016 06:45:43 +0000,腾讯全端 AlloyTeam 团队 Blog,0,null,null
